input_address,matched_address,expected_address,correct
246 Conadilly Street Gunnedah NSW 2380,246 256 CONADILLY ST GUNNEDAH NSW 2380,246 256 CONADILLY ST GUNNEDAH NSW 2380,True
56 Beach Street Woolgoolga NSW 2456,BEACH CARAVAN PARK 56 BEACH ST WOOLGOOLGA NSW 2456,BEACH CARAVAN PARK 56 BEACH ST WOOLGOOLGA NSW 2456,True
"Stockland Town Centre, Polding Street Wetherill Park NSW 2164",nan,STOCKLAND WETHERILL PARK 561 583 POLDING ST PRAIRIEWOOD NSW 2176,False
"Westfield Bondi Junction, 500 Oxford Street Bondi Junction NSW 2022",500 OXFORD ST BONDI JUNCTION NSW 2022,500 OXFORD ST BONDI JUNCTION NSW 2022,True
"Rhodes Waterside Shopping Centre, 1 Rider Boulevard Rhodes NSW 2138",1 RIDER BVD RHODES NSW 2138,1 RIDER BVD RHODES NSW 2138,True
"Stockland Shellharbour, 200 Lake Entrance Road Shellharbour NSW 2529",KIOSK 200 211 LAKE ENTRANCE RD SHELLHARBOUR CITY CENTRE NSW 2529,211 LAKE ENTRANCE RD SHELLHARBOUR CITY CENTRE NSW 2529,False
"St Ives Shopping Village, 166-170 Mona Vale Road St Ives NSW 2075",166 MONA VALE RD ST IVES NSW 2075,166 MONA VALE RD ST IVES NSW 2075,True
"Fairfield Forum Shopping Centre, 8-36 Station Street Fairfield NSW 2165",8 36 STATION ST FAIRFIELD NSW 2165,8 36 STATION ST FAIRFIELD NSW 2165,True
"Belconnen Westfield, 18 Benjamin Way Belconnen ACT 2616",UNIT 18 54 BENJAMIN WAY BELCONNEN ACT 2617,CAR PARK 20 BENJAMIN WAY BELCONNEN ACT 2617,False
152 Bunnerong Road Eastgardens NSW 2036,UNIT 152 152 BUNNERONG RD EASTGARDENS NSW 2036,WESTFIELD SHOPPINGTOWN 152 BUNNERONG RD EASTGARDENS NSW 2036,False
63 Harbour Drive Coffs Harbour NSW 2450,PALMS SHOPPING CENTRE 35 63 HARBOUR DR COFFS HARBOUR NSW 2450,PALMS SHOPPING CENTRE 35 63 HARBOUR DR COFFS HARBOUR NSW 2450,True
"Norwest Marketown, T11A, 4 Century Circuit Baulkham Hills NSW 2153",4 CENTURY CCT NORWEST NSW 2153,11B 4 CENTURY CCT NORWEST NSW 2153,False
57 Oxford Street Darlinghurst NSW 2010,57 OXFORD ST GATESHEAD NSW 2290,58 OXFORD ST DARLINGHURST NSW 2010,False
"Stockland Green Hills Shopping Centre, 1 Molly Morgan Drive East Maitland NSW 2323",1 MOLLY MORGAN DR EAST MAITLAND NSW 2323,1 MOLLY MORGAN DR EAST MAITLAND NSW 2323,True
10-14 Willoughby Road Crows Nest NSW 2065,10 WILLOUGHBY RD CROWS NEST NSW 2065,10 WILLOUGHBY RD CROWS NEST NSW 2065,True
"K-Mart Campbellfield, 1434 Sydney Road Campbellfield VIC 3061",CAMPBELLFIELD PLAZA 1434 1468 SYDNEY RD CAMPBELLFIELD VIC 3061,CAMPBELLFIELD PLAZA 1434 1468 SYDNEY RD CAMPBELLFIELD VIC 3061,True
"Northcote Plaza, 3 Separation Street Northcote VIC 3070",UNIT 3 185 SEPARATION ST NORTHCOTE VIC 3070,ATM CWEALTH 25 SEPARATION ST NORTHCOTE VIC 3070,False
497 Kiewa Street Albury NSW 2640,497 KIEWA ST ALBURY NSW 2640,497 KIEWA ST ALBURY NSW 2640,True
"Wentworth Chambers, 180 Philip Street Sydney NSW 2000",WENTWORTH CHAMBERS 178 180 PHILLIP ST SYDNEY NSW 2000,WENTWORTH CHAMBERS 178 180 PHILLIP ST SYDNEY NSW 2000,True
23-25 Woodlark St Lismore NSW 2480,25 WOODLARK ST LISMORE NSW 2480,25 WOODLARK ST LISMORE NSW 2480,True
"St Vincents Hospital, 406-436 Victoria Street Darlinghurst NSW 2010",ST VINCENTS PRIVATE HOSPITAL 406 VICTORIA ST DARLINGHURST NSW 2010,ST VINCENTS PRIVATE HOSPITAL 406 VICTORIA ST DARLINGHURST NSW 2010,True
"Koonindah Shopping Centre, 57 President Wilson Walk Tanilba Bay NSW 2319",57 PRESIDENT WILSON WALK TANILBA BAY NSW 2319,57 PRESIDENT WILSON WALK TANILBA BAY NSW 2319,True
"Tenterfield Plaza, 164-182 Rous Street Tenterfield NSW 2372",164 ROUS RD GOONELLABAH NSW 2480,SOUTHERN CROSS HOTEL 164 182 ELIZABETH ST SYDNEY NSW 2000,False
13 Wallace Street Macksville NSW 2447,13 WALLACE ST MACKSVILLE NSW 2447,13 WALLACE ST MACKSVILLE NSW 2447,True
"Bargins On First, 19 First Avenue Sawtell NSW 2452",19 FIRST AV SAWTELL NSW 2452,19 FIRST AV SAWTELL NSW 2452,True
33 Murray Street Barham NSW 2732,33 MURRAY ST BARHAM NSW 2732,33 MURRAY ST BARHAM NSW 2732,True
"Riverfront Plaza, 2 Belgrave Street Kempsey NSW 2440",2 10 BELGRAVE ST KEMPSEY NSW 2440,2 10 BELGRAVE ST KEMPSEY NSW 2440,True
"Centro Westside Shopping Centre, 5 Galena Street Broken Hill NSW 2880",CENTRO WESTSIDE 5 GALENA ST BROKEN HILL NSW 2880,CENTRO WESTSIDE 5 GALENA ST BROKEN HILL NSW 2880,True
37 Ultimo Road Haymarket NSW 2000,37 ULTIMO RD HAYMARKET NSW 2000,37 ULTIMO RD HAYMARKET NSW 2000,True
183 Carp Street Bega NSW 2550,183 CARP ST BEGA NSW 2550,183 CARP ST BEGA NSW 2550,True
125 River Street Ballina NSW 2478,125 RIVER ST BALLINA NSW 2478,125 RIVER ST BALLINA NSW 2478,True
49 Oxley Street Bourke NSW 2840,49 OXLEY ST BOURKE NSW 2840,49 OXLEY ST BOURKE NSW 2840,True
256 Bong Bong Street Bowral NSW 2576,256 BONG BONG ST BOWRAL NSW 2576,256 BONG BONG ST BOWRAL NSW 2576,True
119 Barker Street Casino NSW 2470,119 BARKER ST CASINO NSW 2470,119 BARKER ST CASINO NSW 2470,True
75 Vincent Street Cessnock NSW 2325,75 VINCENT ST CESSNOCK NSW 2325,75 VINCENT ST CESSNOCK NSW 2325,True
50 Marshall Street Cobar NSW 2835,50 MARSHALL ST COBAR NSW 2835,50 MARSHALL ST COBAR NSW 2835,True
106 Sanger Street Corowa NSW 2646,106 SANGER ST COROWA NSW 2646,106 SANGER ST COROWA NSW 2646,True
117 Kendal Street Cowra NSW 2794,117 KENDAL ST COWRA NSW 2794,117 KENDAL ST COWRA NSW 2794,True
269-271 Cressy Street Deniliquin NSW 2710,269 271 CRESSY ST DENILIQUIN NSW 2710,269 271 CRESSY ST DENILIQUIN NSW 2710,True
163 Murray Street Finley NSW 2713,163 MURRAY ST FINLEY NSW 2713,163 MURRAY ST FINLEY NSW 2713,True
"Stockland Glendale, 387 Lake Road Glendale NSW 2285",387 LAKE RD GLENDALE NSW 2285,387 LAKE RD GLENDALE NSW 2285,True
167-173 Auburn Street Goulburn NSW 2580,167 AUBURN ST GOULBURN NSW 2580,167 AUBURN ST GOULBURN NSW 2580,True
37 Prince Street Grafton NSW 2460,37 PRINCE ST GRAFTON NSW 2460,37 PRINCE ST GRAFTON NSW 2460,True
322 Banna Avenue Griffith NSW 2680,318 322 BANNA AV GRIFFITH NSW 2680,318 322 BANNA AV GRIFFITH NSW 2680,True
50 Byron Street Inverell NSW 2360,50 BYRON ST INVERELL NSW 2360,50 BYRON ST INVERELL NSW 2360,True
46 Terralong Street Kiama NSW 2533,46 TERRALONG ST KIAMA NSW 2533,46 TERRALONG ST KIAMA NSW 2533,True
2 Lane Cove Plaza Lane Cove NSW 2066,2 LANE COVE PLZA LANE COVE NSW 2066,2 LANE COVE PLZA LANE COVE NSW 2066,True
7 Kurrajong Avenue Leeton NSW 2705,7 KURRAJONG AV LEETON NSW 2705,7 KURRAJONG AV LEETON NSW 2705,True
156 Main Street Lithgow NSW 2790,156 MAIN ST LITHGOW NSW 2790,156 MAIN ST LITHGOW NSW 2790,True
1 Merimbula Drive Merimbula NSW 2548,HOUSE 1 284 MERIMBULA DR MERIMBULA NSW 2548,1 3 MERIMBULA DR MERIMBULA NSW 2548,False
41 Heber Street Moree NSW 2400,41 HEBER ST MOREE NSW 2400,41 HEBER ST MOREE NSW 2400,True
61 Vulcan Street Moruya NSW 2537,61 VULCAN ST MORUYA NSW 2537,61 VULCAN ST MORUYA NSW 2537,True
64-66 Church Street Mudgee NSW 2850,66 CHURCH ST MUDGEE NSW 2850,66 CHURCH ST MUDGEE NSW 2850,True
48 Bridge Street Muswellbrook NSW 2333,48 BRIDGE ST MUSWELLBROOK NSW 2333,48 BRIDGE ST MUSWELLBROOK NSW 2333,True
141-143 Maitland Street Narrabri NSW 2390,NATIONAL AUSTRALIA BANK 141 MAITLAND ST NARRABRI NSW 2390,NATIONAL AUSTRALIA BANK 141 MAITLAND ST NARRABRI NSW 2390,True
230 Clarinda Street Parkes NSW 2870,230 CLARINDA ST PARKES NSW 2870,230 CLARINDA ST PARKES NSW 2870,True
182 Kelly Street Scone NSW 2337,182 KELLY ST SCONE NSW 2337,182 KELLY ST SCONE NSW 2337,True
92 John Street Singleton NSW 2330,92 JOHN ST SINGLETON NSW 2330,92 JOHN ST SINGLETON NSW 2330,True
8 Prince Of Wales Road South West Rocks NSW 2431,8 PRINCE OF WALES AVENUE SOUTH WEST ROCKS NSW 2431,8 PRINCE OF WALES AVENUE SOUTH WEST ROCKS NSW 2431,True
20 The Boulevarde Strathfield NSW 2135,20 THE BOULEVARDE STRATHFIELD NSW 2135,20 THE BOULEVARDE STRATHFIELD NSW 2135,True
131-133 Remembrance Drive Tahmoor NSW 2573,131 133 REMEMBRANCE DVWY TAHMOOR NSW 2573,131 133 REMEMBRANCE DVWY TAHMOOR NSW 2573,True
95 Wynyard Road Tumut NSW 2720,95 WYNYARD ST TUMUT NSW 2720,95 WYNYARD ST TUMUT NSW 2720,True
96 Princes Highway Ulladulla NSW 2539,96 PRINCES HWY ULLADULLA NSW 2539,96 PRINCES HWY ULLADULLA NSW 2539,True
46 High Street Wauchope NSW 2446,46 HIGH ST WAUCHOPE NSW 2446,46 HIGH ST WAUCHOPE NSW 2446,True
13 Yamba Street Yamba NSW 2464,13 YAMBA ST YAMBA NSW 2464,13 YAMBA ST YAMBA NSW 2464,True
8-28 The Corso Manly NSW 2095,8 28 THE CORSO MANLY NSW 2095,8 28 THE CORSO MANLY NSW 2095,True
"Westfield Hornsby, 236 Pacific Highway Hornsby NSW 2077",WESTFIELDS 236 PACIFIC HWY HORNSBY NSW 2077,WESTFIELDS 236 PACIFIC HWY HORNSBY NSW 2077,True
878 Military Road Mosman NSW 2088,878 MILITARY RD MOSMAN NSW 2088,878 MILITARY RD MOSMAN NSW 2088,True
108 Boorowa Street Young NSW 2594,108 BOOROWA ST YOUNG NSW 2594,108 BOOROWA ST YOUNG NSW 2594,True
"Shop L5/L6, Ground Floor, 451 New South Head Road Double Bay NSW 2028",451 NEW SOUTH HEAD RD DOUBLE BAY NSW 2028,451 NEW SOUTH HEAD RD DOUBLE BAY NSW 2028,True
"World Square, 686 George Street Sydney NSW 2000",684 686 GEORGE ST SYDNEY NSW 2000,684 686 GEORGE ST SYDNEY NSW 2000,True
"Broadway Shopping Centre, 1 Bay Street Ultimo NSW 2007",BROADWAY SHOPPING CENTRE 1 21 BAY ST GLEBE NSW 2037,BROADWAY SHOPPING CENTRE 1 21 BAY ST GLEBE NSW 2037,True
111 Belmore Road Randwick NSW 2031,111 BELMORE RD RANDWICK NSW 2031,111 BELMORE RD RANDWICK NSW 2031,True
"Narellan Town Centre, 326 Camden Valley Way Narellan NSW 2567",NARELLAN TOWN CENTRE 326 CAMDEN VALLEY WAY NARELLAN NSW 2567,NARELLAN TOWN CENTRE 326 CAMDEN VALLEY WAY NARELLAN NSW 2567,True
"Macquarie Shopping Centre, 225 Herring Road North Ryde NSW 2113",MACQUARIE SHOPPING CENTRE 197 223 HERRING RD MACQUARIE PARK NSW 2113,MACQUARIE SHOPPING CENTRE 197 223 HERRING RD MACQUARIE PARK NSW 2113,True
55 Port Stephens Street Raymond Terrace NSW 2324,55 PORT STEPHENS ST RAYMOND TERRACE NSW 2324,55 PORT STEPHENS ST RAYMOND TERRACE NSW 2324,True
100 Katoomba Street Katoomba NSW 2780,100 KATOOMBA ST KATOOMBA NSW 2780,100 KATOOMBA ST KATOOMBA NSW 2780,True
265 Darling Street Balmain NSW 2041,265 DARLING ST BALMAIN NSW 2041,265 DARLING ST BALMAIN NSW 2041,True
94 Great North Road Five Dock NSW 2046,94 GREAT NORTH RD FIVE DOCK NSW 2046,94 GREAT NORTH RD FIVE DOCK NSW 2046,True
31 Beaumont Street Hamilton NSW 2303,31 BEAUMONT ST HAMILTON NSW 2303,31 BEAUMONT ST HAMILTON NSW 2303,True
147 Crown Street Wollongong NSW 2500,147 CROWN ST WOLLONGONG NSW 2500,147 CROWN ST WOLLONGONG NSW 2500,True
"Gungahlin Market Place, 33 Hibberson Street Gungahlin ACT 2912",MARKET PLACE 33 HIBBERSON ST GUNGAHLIN ACT 2912,MARKET PLACE 33 HIBBERSON ST GUNGAHLIN ACT 2912,True
10 Yacaaba Street Nelson Bay NSW 2315,10 YACAABA ST NELSON BAY NSW 2315,10 YACAABA ST NELSON BAY NSW 2315,True
"Forestway Shopping Centre, Warringah Road Frenchs Forest NSW 2086",FORESTWAY SHOPPING CENTRE 22 FOREST WAY FRENCHS FOREST NSW 2086,FORESTWAY SHOPPING CENTRE 22 FOREST WAY FRENCHS FOREST NSW 2086,True
16 Park Street Mona Vale NSW 2103,PARK STREET APARTMENTS UNIT 16 1 PARK ST NORTH WOLLONGONG NSW 2500,16 PARK ST MONA VALE NSW 2103,False
22 John Street Cabramatta NSW 2166,22 JOHN ST CABRAMATTA NSW 2166,22 JOHN ST CABRAMATTA NSW 2166,True
"Macarthur Square Shopping Centre, 200 Gilchrist Drive Campbelltown NSW 2560",MACARTHUR SQUARE 200 GILCHRIST DR CAMPBELLTOWN NSW 2560,MACARTHUR SQUARE 200 GILCHRIST DR CAMPBELLTOWN NSW 2560,True
"Stockland Forster, 3-17 Breese Parade Forster NSW 2428",SHOP 17 3 17 BREESE PDE FORSTER NSW 2428,STOCKLANDS FORSTER 3 17 BREESE PDE FORSTER NSW 2428,False
"Westfield Warringah Mall, Old Pittwater Road Brookvale NSW 2100",WARRINGAH MALL SHOPPING CENTRE SHOP S 145 OLD PITTWATER RD BROOKVALE NSW 2100,WARRINGAH MALL SHOPPING CENTRE 145 OLD PITTWATER RD BROOKVALE NSW 2100,False
"Chatswood Interchange, 436 Victoria Avenue Chatswood NSW 2067",CHATSWOOD TRANSPORT INTERCHANGE 436 VICTORIA AV CHATSWOOD NSW 2067,CHATSWOOD TRANSPORT INTERCHANGE 436 VICTORIA AV CHATSWOOD NSW 2067,True
"Westfield Parramatta, 159-175 Church Street Parramatta NSW 2150",WESTFIELD 175 CHURCH ST PARRAMATTA NSW 2150,WESTFIELD 175 CHURCH ST PARRAMATTA NSW 2150,True
222 Beamish Street Campsie NSW 2194,222 BEAMISH ST CAMPSIE NSW 2194,222 BEAMISH ST CAMPSIE NSW 2194,True
"South.Point Shopping Centre, 210 Anketell Street Tuggeranong DC ACT 2901",SOUTH POINT 210 ANKETELL ST GREENWAY ACT 2900,SOUTH POINT 210 ANKETELL ST GREENWAY ACT 2900,True
"Charlestown Square, 30 Pearson Street Charlestown NSW 2290",30 PEARSON ST CHARLESTOWN NSW 2290,30 PEARSON ST CHARLESTOWN NSW 2290,True
118a Burwood Road Burwood NSW 2134,118A BURWOOD RD BURWOOD NSW 2134,118A BURWOOD RD BURWOOD NSW 2134,True
"Supa IGA, 141 Parker Street Cootamundra NSW 2590",141 PARKER ST COOTAMUNDRA NSW 2590,141 PARKER ST COOTAMUNDRA NSW 2590,True
170 Sheridan Street Gundagai NSW 2722,170 SHERIDAN ST GUNDAGAI NSW 2722,170 SHERIDAN ST GUNDAGAI NSW 2722,True
113 Adelaide Street Blayney NSW 2799,113 ADELAIDE ST BLAYNEY NSW 2799,113 ADELAIDE ST BLAYNEY NSW 2799,True
98 Comur Street Yass NSW 2582,98 COMUR ST YASS NSW 2582,98 COMUR ST YASS NSW 2582,True
2 Carrington Street Sydney NSW 2000,SHELL HOUSE 2 CARRINGTON ST SYDNEY NSW 2000,SHELL HOUSE 2 CARRINGTON ST SYDNEY NSW 2000,True
163 Rowe Street Eastwood NSW 2122,163 ROWE ST EASTWOOD NSW 2122,163 ROWE ST EASTWOOD NSW 2122,True
300 Victoria Avenue Chatswood NSW 2067,300 VICTORIA AV CHATSWOOD NSW 2067,300 VICTORIA AV CHATSWOOD NSW 2067,True
292 Pitt Street Sydney NSW 2000,292 PITT ST SYDNEY NSW 2000,292 PITT ST SYDNEY NSW 2000,True
884-896 Pittwater Road Dee Why NSW 2099,884 PITTWATER RD DEE WHY NSW 2099,884 PITTWATER RD DEE WHY NSW 2099,True
10-14 Auburn Road Auburn NSW 2144,10 14 AUBURN RD AUBURN NSW 2144,10 14 AUBURN RD AUBURN NSW 2144,True
"Stockland Merrylands Shopping Centre, 52 McFarlane Street Merrylands NSW 2160",52 MCFARLANE ST MERRYLANDS NSW 2160,52 MCFARLANE ST MERRYLANDS NSW 2160,True
288 Peel St Tamworth NSW 2340,288 PEEL ST TAMWORTH NSW 2340,288 PEEL ST TAMWORTH NSW 2340,True
"Rouse Hill Town Centre, 10-14 Market Lane Rouse Hill NSW 2155",10 14 MARKET LANE ROUSE HILL NSW 2155,10 14 MARKET LANE ROUSE HILL NSW 2155,True
159 Queen Street St Marys NSW 2760,159 QUEEN ST ST MARYS NSW 2760,159 QUEEN ST ST MARYS NSW 2760,True
60 Martin Place Sydney NSW 2000,60 MARTIN PL SYDNEY NSW 2000,60 MARTIN PL SYDNEY NSW 2000,True
904 Botany Road Mascot NSW 2020,904 BOTANY RD MASCOT NSW 2020,904 BOTANY RD MASCOT NSW 2020,True
3 Parramatta Square Parramatta NSW 2150,3 PARRAMATTA SQ PARRAMATTA NSW 2150,3 PARRAMATTA SQ PARRAMATTA NSW 2150,True
196 Summer Street Orange NSW 2800,196 SUMMER ST ORANGE NSW 2800,196 SUMMER ST ORANGE NSW 2800,True
70-74 Horton Street Port Macquarie NSW 2444,70 74 HORTON ST PORT MACQUARIE NSW 2444,70 74 HORTON ST PORT MACQUARIE NSW 2444,True
"35A Marketown, 23 Steel St Newcastle West NSW 2302",MARKETOWN SHOPPING CENTRE 23 STEEL ST NEWCASTLE WEST NSW 2302,MARKETOWN SHOPPING CENTRE 23 STEEL ST NEWCASTLE WEST NSW 2302,True
182 City Walk Canberra ACT 2601,182 CITY WALK CITY ACT 2601,182 CITY WALK CITY ACT 2601,True
151 Victoria Street Taree NSW 2430,151 VICTORIA ST TAREE NSW 2430,151 VICTORIA ST TAREE NSW 2430,True
"Westfield Tuggerah, 50 Wyong Road Tuggerah NSW 2259",WESTFIELD SHOPPING CENTRE 50 WYONG RD TUGGERAH NSW 2259,WESTFIELD SHOPPING CENTRE 50 WYONG RD TUGGERAH NSW 2259,True
56 Kinghorne Street Nowra NSW 2541,56 KINGHORNE ST NOWRA NSW 2541,56 KINGHORNE ST NOWRA NSW 2541,True
"Shops G1 & G2, Westfield Woden, 1 Keltie Street Woden ACT 2606",WESTFIELD WODEN 2 KELTIE ST PHILLIP ACT 2606,HEALTH CENTRE 1 KELTIE ST PHILLIP ACT 2606,False
518 Princes Highway Rockdale NSW 2216,518 PRINCES HWY ROCKDALE NSW 2216,518 PRINCES HWY ROCKDALE NSW 2216,True
33 Jonson Street Byron Bay NSW 2481,33 JONSON ST BYRON BAY NSW 2481,33 JONSON ST BYRON BAY NSW 2481,True
277 King Street Newtown NSW 2042,277 KING ST NEWTOWN NSW 2042,277 KING ST NEWTOWN NSW 2042,True
333 George Street Sydney NSW 3000,333 GEORGE ST SYDNEY NSW 2000,333 GEORGE ST SYDNEY NSW 2000,True
"Tenancy C2.03, 3 Sussex Street Barangaroo NSW 2000",SHOP 2 3 SUSSEX ST BARANGAROO NSW 2000,3 SUSSEX ST BARANGAROO NSW 2000,False
343 Kingsway Caringbah NSW 2229,343 KINGSWAY CARINGBAH NSW 2229,343 KINGSWAY CARINGBAH NSW 2229,True
191 Beardy Street Armidale NSW 2350,191 BEARDY ST ARMIDALE NSW 2350,191 BEARDY ST ARMIDALE NSW 2350,True
"Ashfield Mall, 260A Liverpool Road Ashfield NSW 2131",260A LIVERPOOL RD ASHFIELD NSW 2131,260A LIVERPOOL RD ASHFIELD NSW 2131,True
"Marrickville Metro Shopping Centre, T12-14, 20 Smidmore Street Marrickville NSW 2204",MARRICKVILLE SHOPPING CENTRE 20 SMIDMORE ST MARRICKVILLE NSW 2204,MARRICKVILLE SHOPPING CENTRE 20 SMIDMORE ST MARRICKVILLE NSW 2204,True
"Fountain Plaza, 148-158 The Entrance Road Erina NSW 2250",148 158 THE ENTRANCE ROAD ERINA NSW 2250,148 158 THE ENTRANCE ROAD ERINA NSW 2250,True
"Blockbuster Sebastopol, 107 Rubicon Street Sebastopol VIC 3356",BLOCKBUSTER VIDEO 107 RUBICON ST SEBASTOPOL VIC 3356,BLOCKBUSTER VIDEO 107 RUBICON ST SEBASTOPOL VIC 3356,True
10 Lochial Avenue Mount Martha VIC 3934,10 THE AVENUE GEMBROOK VIC 3783,HIMA FLATS FLAT 10 43 THE AVENUE MOUNT BULLER VIC 3723,False
"Box Hill Hospital, 51 Nelson Road Box Hill VIC 3128",BOX HILL HOSPITAL 51 NELSON RD BOX HILL VIC 3128,BOX HILL HOSPITAL 51 NELSON RD BOX HILL VIC 3128,True
210 Dunns Road Mornington VIC 3931,210 DUNNS RD MORNINGTON VIC 3931,210 DUNNS RD MORNINGTON VIC 3931,True
4 / 19 RATHMINES ST FAIRFIELD,UNIT 4 19 RATHMINES ST FAIRFIELD VIC 3078,UNIT 4 19 RATHMINES ST FAIRFIELD VIC 3078,True
4 / 19 RATHMINES ST ALPHINGTON,UNIT 4 19 RATHMINES ST FAIRFIELD VIC 3078,UNIT 4 19 RATHMINES ST FAIRFIELD VIC 3078,True
4 / 19 RATMNES ST ALPINGTON,nan,UNIT 4 19 RATHMINES ST FAIRFIELD VIC 3078,False
34/121 EXHIBTN ST MELBURNE,WILARA BLK B UNIT 34 121 EASTY ST PHILLIP ACT 2606,LEVEL 34 121 EXHIBITION ST MELBOURNE VIC 3000,False
30 AUGHTIE DR ALBERT PARK,BMELBOURNE SPORT AND AQUATIC CENTRE 30 AUGHTIE DR ALBERT PARK VIC 3206,BMELBOURNE SPORT AND AQUATIC CENTRE 30 AUGHTIE DR ALBERT PARK VIC 3206,True
2 B TOWERHILL ROAD FRANKSTON VIC 3199,2 TOWERHILL RD FRANKSTON VIC 3199,ST PAUL S TERRACE 2B TOWERHILL RD FRANKSTON VIC 3199,False
27 49 RYOT STREET WARRNAMBOOL VIC 3280,CARSPACE 27 49 HAINES ST NORTH MELBOURNE VIC 3051,SOUTH WEST HEALTHCARE 25 RYOT ST WARRNAMBOOL VIC 3280,False
31 ALMA ROAD ST KILDA VIC 3182,ROYAL DISTRICT NURSING SERVICE 31 39 ALMA RD ST KILDA VIC 3182,ROYAL DISTRICT NURSING SERVICE 31 39 ALMA RD ST KILDA VIC 3182,True
21 25 INVERNESS STREET CLARINDA VIC 3169,CLARINDA ON THE PARK 21 29 INVERNESS ST CLARINDA VIC 3169,CLARINDA ON THE PARK 21 29 INVERNESS ST CLARINDA VIC 3169,True
2 GRAHAM STREET SHEPPARTON VIC 3630,AVE MARIA VILLAGE UNIT 2 25 GRAHAM ST SHEPPARTON VIC 3630,AVE MARIA VILLAGE 25 GRAHAM ST SHEPPARTON VIC 3630,False
2 B GRACE STREET GLEN WAVERLEY VIC 3150,2 GRACE ST GLEN WAVERLEY VIC 3150, 2 GRACE ST GLEN WAVERLEY VIC 3150 ,True
2 OVERTON ROAD FRANKSTON VIC 3199,2 4 OVERTON RD FRANKSTON VIC 3199,2 4 OVERTON RD FRANKSTON VIC 3199 ,True
103 CORIO STREET GEELONG VIC 3220,103 107 CORIO ST GEELONG VIC 3220,103 107 CORIO ST GEELONG VIC 3220 ,True
100 WEDDELL ROAD NORTH GEELONG VIC 3125,MULTICULTURAL AGED CARE SERVICES MACS 100 WEDDELL RD NORTH GEELONG VIC 3215,MULTICULTURAL AGED CARE SERVICES MACS 100 WEDDELL RD NORTH GEELONG VIC 3215,True
61 S LAKER BOULEVARD CLYDE NORTH VIC 3978,BLOOM BY LUSON AGED CARE 61 LAKER BVD CLYDE NORTH VIC 3978,BLOOM BY LUSON AGED CARE 61 LAKER BVD CLYDE NORTH VIC 3978,True
1 DUNLOP STREET SHEPPARTON VIC 3630,UNIT 1 32 DUNLOP ST SHEPPARTON VIC 3630,1 3 DUNLOP ST SHEPPARTON VIC 3630 ,False
1 / 653 high st thornbury,653 HIGH ST THORNBURY VIC 3071,653 HIGH ST THORNBURY VIC 3071,True
144 wingrove st fairifeld,144 WINGROVE ST FAIRFIELD VIC 3078,144 WINGROVE ST FAIRFIELD VIC 3078,True
235 springvale rd glenwaverley,235 SPRINGVALE RD NUNAWADING VIC 3131,THE GLEN S C 227 235 SPRINGVALE RD GLEN WAVERLEY VIC 3150,False
380 lygon st carlton,380 LYGON ST CARLTON VIC 3053,380 LYGON ST CARLTON VIC 3053,True
115 sydney rd brunswick,115 SYDNEY RD BRUNSWICK VIC 3056,115 SYDNEY RD BRUNSWICK VIC 3056,True
309 lygon st carlton,309 LYGON ST CARLTON VIC 3053,309 LYGON ST CARLTON VIC 3053,True
309 lygon street ,309 NORTH STREET EXTENDED WEST ROCKHAMPTON QLD 4700,309 LYGON ST CARLTON VIC 3053,False
"112 Acland St, St Kilda",112 ACLAND ST ST KILDA VIC 3182,112 ACLAND ST ST KILDA VIC 3182,True
112 Ackland St St Kilda,nan,112 ACLAND ST ST KILDA VIC 3182,False
2 manor grove caulfield north,2 MANOR GR CAULFIELD NORTH VIC 3161,2 MANOR GR CAULFIELD NORTH VIC 3161,True
2 MANOR GROVE CAULIELD,2 MANOR CT KANGAROO FLAT VIC 3555,2 MANOR GR CAULFIELD NORTH VIC 3161,False
2 manna grove caulfield north,2 MANNA CT FRANKSTON NORTH VIC 3200,2 MANOR GR CAULFIELD NORTH VIC 3161,False
"254-262 Wingrove St, Fairfield",254 WINGROVE ST FAIRFIELD VIC 3078,254 256 WINGROVE ST FAIRFIELD VIC 3078,False
254 wingrove Street Fairfield,254 WINGROVE ST FAIRFIELD VIC 3078,254 WINGROVE ST FAIRFIELD VIC 3078,True
254 WINGROVE ST ALPHINGTON,254 WINGROVE ST FAIRFIELD VIC 3078,254 WINGROVE ST FAIRFIELD VIC 3078,True
246 CONADILLY STREET GUNNEDAH NSW 2380,246 256 CONADILLY ST GUNNEDAH NSW 2380,246 256 CONADILLY ST GUNNEDAH NSW 2380,True
1 MERIMBULA DRIVE MERIMBULA NSW 2548,HOUSE 1 284 MERIMBULA DR MERIMBULA NSW 2548,1 3 MERIMBULA DR MERIMBULA NSW 2548,False
141 143 MAITLAND STREET NARRABRI NSW 2390,NATIONAL AUSTRALIA BANK 141 MAITLAND ST NARRABRI NSW 2390,NATIONAL AUSTRALIA BANK 141 MAITLAND ST NARRABRI NSW 2390,True
WESTFIELD BONDI JUNCTION 500 OXFORD STREET BONDI JUNCTION NSW 2022,500 OXFORD ST BONDI JUNCTION NSW 2022,500 OXFORD ST BONDI JUNCTION NSW 2022,True
152 BUNNERONG ROAD EASTGARDENS NSW 2036,UNIT 152 152 BUNNERONG RD EASTGARDENS NSW 2036,WESTFIELD SHOPPINGTOWN 152 BUNNERONG RD EASTGARDENS NSW 2036,False
342 344 BELGRAVE GEMBROOK ROAD EMERALD VIC 3782,344 BELGRAVE GEMBROOK RD EMERALD VIC 3782,344 BELGRAVE GEMBROOK RD EMERALD VIC 3782,True
37 CATTLEY STREET BURNIE TAS 7320,NATIONAL AUSTRALIA BANK 37 CATTLEY ST BURNIE TAS 7320,NATIONAL AUSTRALIA BANK 37 CATTLEY ST BURNIE TAS 7320,True
SUNSHINE MARKETPLACE 80 HARVESTER ROAD SUNSHINE VIC 3020,80 HARVESTER RD SUNSHINE VIC 3020,80 HARVESTER RD SUNSHINE VIC 3020,True
16 GILBERT STREET TORQUAY VIC 3228,NATIONAL BANK 16 GILBERT ST TORQUAY VIC 3228,NATIONAL BANK 16 GILBERT ST TORQUAY VIC 3228,True
SHOP 128 CASEY CENTRAL SC 400 NARRE WARREN CRANBOURNE RD NARRE WARREN SOUTH VIC 3805,SHOP 128 400 CRANBOURNE RD NARRE WARREN SOUTH VIC 3805,SHOP 128 400 CRANBOURNE RD NARRE WARREN SOUTH VIC 3805,True
NORTHLAND SHOPPING CENTRE 2 50 MURRAY ROAD PRESTON VIC 3072,NORTHLAND SHOPPING CENTRE KIOSK 50 2 50 MURRAY RD PRESTON VIC 3072,NORTHLAND SHOPPING CENTRE SHOP 2 2 50 MURRAY RD PRESTON VIC 3072,False
39 41 RAMSAY STREET CLONCURRY QLD 4824,39 RAMSAY ST CLONCURRY QLD 4824,39 RAMSAY ST CLONCURRY QLD 4824,True
219 223 WATERWORKS ROAD ASHGROVE QLD 4060,223 WATERWORKS RD ASHGROVE QLD 4060,223 WATERWORKS RD ASHGROVE QLD 4060,True
1001 STURT STREET BALLARAT VIC 3350,NATIONAL AUSTRALIA BANK 1001 1005 STURT ST BALLARAT CENTRAL VIC 3350,SWIFT STURT STREET 1108 STURT ST BALLARAT CENTRAL VIC 3350,False
SHOP 103 COCKBURN GATEWAY SHOPPING CENTRE 816 BEELAIR DRIVE SUCCESS WA 6164,COCKBURN GATEWAY S/C SHOP 103 816 BEELIAR DR SUCCESS WA 6164,COCKBURN GATEWAY SHOPPING CENT SHOP 103 816 BEELIAR DR SUCCESS WA 6164,False
260 CLARENDON STREET SOUTH MELBOURNE VIC 3205,216 260 HIGH STREET RD MOUNT WAVERLEY VIC 3149,258 264 CLARENDON ST SOUTH MELBOURNE VIC 3205,False
64 66 CHURCH STREET MUDGEE NSW 2850,66 CHURCH ST MUDGEE NSW 2850,66 CHURCH ST MUDGEE NSW 2850,True
54 MUNJINGBAL DRIVE TWEED HEADS NSW 2546,54 THE DRIVE YAMBA NSW 2464,54 MINJUNGBAL DR TWEED HEADS SOUTH NSW 2486,False
194 JULL STREET ARMADALE WA 6112,194 JULL ST ARMADALE WA 6112,194 JULL ST ARMADALE WA 6112 ,True
OCEAN KEYS SHOPPING CENTRE 35 OCEAN KEYS BOULEVARD CLARKSON WA 6030,35 OCEAN KEYS BVD CLARKSON WA 6030,35 OCEAN KEYS BVD CLARKSON WA 6030,True
17 GOUGER STREET ADELAIDE SA 5000,17 CHARLES STREET PLZA ADELAIDE SA 5000,17 GOUGER ST ADELAIDE SA 5000,False
VICTOR HARBOR CENTRAL SHOPPING CENTRE 27 TORRENS ROAD VICTOR HARBOR SA 5211,27 TORRENS CR PENNINGTON SA 5013,21 37 TORRENS ST VICTOR HARBOR SA 5211,False
MUNNO PARA SHOPPING CITY 600 MAIN NORTH ROAD SMITHFIELD SA 5114,MUNNO PARA SC 600 MAIN NORTH RD SMITHFIELD SA 5114,MUNNO PARA SC 600 MAIN NORTH RD SMITHFIELD SA 5114,True
SHOP D 137 141 THE PARADE NORWOOD SA 5067,137 THE PARADE NORWOOD SA 5067,137 143 THE PARADE NORWOOD SA 5067,False
FINDON SHOPPING CENTRE 303 GRANGE ROAD FINDON SA 5023,303 GRANGE RD FINDON SA 5023,303 GRANGE RD FINDON SA 5023,True
CENTRO ARNDALE 470 TORRENS ROAD KILKENNY SA 5009,ARMADA ARNDALE 460 470 TORRENS RD KILKENNY SA 5009,ARMADA ARNDALE 460 470 TORRENS RD KILKENNY SA 5009,True
43 JOHN STREET SALISBURY SA 5108,41 43 JOHN ST SALISBURY SA 5108,41 43 JOHN ST SALISBURY SA 5108,True
STOCKLAND ROCKHAMPTON 120 331 YAAMBA ROAD ROCKHAMPTON QLD 4700,SHOP 120 331 YAAMBA RD PARK AVENUE QLD 4701,SHOPPING FAIR 331 YAAMBA RD PARK AVENUE QLD 4701,False
2 THE TERRACE NORTH IPSWICH QLD 4305,2 THE TERRACE NORTH IPSWICH QLD 4305,2 THE TERRACE NORTH IPSWICH QLD 4305,True
MOUNT OMMANEY SHOPPING CENTRE 171 DANDENONG ROAD MOUNT OMMANEY QLD 4074,171 DANDENONG RD MOUNT OMMANEY QLD 4074,171 DANDENONG RD MOUNT OMMANEY QLD 4074,True
BROOKSIDE SHOPPING CENTRE 159 OSBORNE ROAD MITCHELTON QLD 4053,BROOKSIDE SHOPPING CENTRE 159 OSBORNE RD MITCHELTON QLD 4053,BROOKSIDE SHOPPING CENTRE 159 OSBORNE RD MITCHELTON QLD 4053,True
139 BOAT HARBOUR DRIVE PIALBA QLD 4655,BOAT HARBOUR DRIVE PARK 99 BOAT HARBOUR DR URRAWEEN QLD 4655,130 140 BOAT HARBOUR DR PIALBA QLD 4655,False
PIMPAMA CITY SHOPPING CENTRE 102 PIMPAMA JACOBS WELL ROAD PIMPAMA QLD 4209,102 PIMPAMA JACOBS WELL RD PIMPAMA QLD 4209,102 PIMPAMA JACOBS WELL RD PIMPAMA QLD 4209,True
ORION SPRINGFIELD CENTRAL 1 MAIN STREET SPRINGFIELD LAKES QLD 4300,1 MAIN ST SPRINGFIELD CENTRAL QLD 4300,1 MAIN ST SPRINGFIELD CENTRAL QLD 4300,True
14 16 MAIN STREET PROSERPINE QLD 4800,PROSERPINE ENTERTAINMENT CENTRE / LIBRARY 14 MAIN ST PROSERPINE QLD 4800,PROSERPINE ENTERTAINMENT CENTRE LIBRARY 14 MAIN ST PROSERPINE QLD 4800,False
3 BREAKFAST CREEK ROAD NEWSTEAD QLD 4006,SHOP 3 104 BREAKFAST CREEK RD NEWSTEAD QLD 4006,1 BREAKFAST CREEK RD NEWSTEAD QLD 4006,False
84 88 GRIFFITH STREET COOLANGATTA QLD 4225,84 88 MARINE PDE COOLANGATTA QLD 4225,84 GRIFFITH ST COOLANGATTA QLD 4225,False
39 41 RAMSAY STREET CLONCURRY QLD 4824,39 RAMSAY ST CLONCURRY QLD 4824,39 RAMSAY ST CLONCURRY QLD 4824,True
CANELAND CENTRAL 4740 MANGROVE ROAD MACKAY QLD 4740,nan,CANELAND SHOPPING TOWN 2 MANGROVE RD MACKAY QLD 4740,False
38 MAIN STREET ATHERTON QLD 4883,38 MAIN ST ATHERTON QLD 4883,38 MAIN ST ATHERTON QLD 4883,True
414 ESPLANADE TORQUAY QLD 4655,414 ESPLANADE TORQUAY QLD 4655,414 ESPLANADE TORQUAY QLD 4655,True
23 DAY STREET TARA QLD 4421,23 DAY ST TARA QLD 4421,23 DAY ST TARA QLD 4421,True
AUSTRALIA FAIR SHOPPING CENTRE 49 MARINE PARADE SOUTHPORT QLD 4215,AUSTRALIA FAIR SHOP 49 42 MARINE PDE SOUTHPORT QLD 4215,AUSTRALIA FAIR 42 MARINE PDE SOUTHPORT QLD 4215,False
TOOWOOMBA K MART 878 RUTHVEN STREET TOOWOOMBA QLD 4350,K MART PLAZA 878 898 RUTHVEN ST KEARNEYS SPRING QLD 4350,K MART PLAZA 878 898 RUTHVEN ST KEARNEYS SPRING QLD 4350,True
917 925 KINGSTON ROAD WATERFORD QLD 4133,917 KINGSTON RD WATERFORD WEST QLD 4133,917 KINGSTON RD WATERFORD WEST QLD 4133,True
WAVERLEY GARDENS SHOPPING CENTRE 271 POLICE ROAD MULGRAVE VIC 3170,CENTRO WAVERLEY GARDENS 271 POLICE RD MULGRAVE VIC 3170,CENTRO WAVERLEY GARDENS 271 POLICE RD MULGRAVE VIC 3170,True
ROSEBUD PLAZA SHOPPING CENTRE SHOPS 18 19 CNR BONEO ROAD AND MCCOMBE STREET ROSEBUD VIC 3939,GARDEN PLAZA SHOPPING CENTRE SHOP 19 18 QUEEN ELIZABETH DR DYSART QLD 4745,BONEO ROAD MCCOMBE STREET ROSEBUD VIC 3939,False
16 GILBERT STREET TORQUAY VIC 3228,NATIONAL BANK 16 GILBERT ST TORQUAY VIC 3228,NATIONAL BANK 16 GILBERT ST TORQUAY VIC 3228,True
SHOP 1 19 21 DOUGLAS PARADE WILLIAMSTOWN VIC 3016,SHOP 1 19 21 DOUGLAS PDE WILLIAMSTOWN VIC 3016,SHOP 1 19 21 DOUGLAS PDE WILLIAMSTOWN VIC 3016,True
WESTFIELD DONCASTER 619 DONCASTER ROAD DONCASTER VIC 3108,WESTFIELD DONCASTER 619 DONCASTER RD DONCASTER VIC 3108,WESTFIELD DONCASTER 619 DONCASTER RD DONCASTER VIC 3108,True
DANDENONG PLAZA 1 MCCRAE STREET DANDENONG VIC 3175,UNIT 1 121 MCCRAE ST DANDENONG VIC 3175,CORNER MCCRAE AND WALKER STREETS DANDENONG VIC 3175,False
140 KOROIT ST WARRNAMBOOL VIC 3280,140 KOROIT ST WARRNAMBOOL VIC 3280,140 KOROIT ST WARRNAMBOOL VIC 3280,True
406 SYDNEY ROAD COBURG VIC 3058,406 SYDNEY RD COBURG VIC 3058,406 SYDNEY RD COBURG VIC 3058,True
406 SYDNEY ROAD NORTH COBURG VIC 3058,406 SYDNEY RD COBURG VIC 3058,406 SYDNEY RD COBURG VIC 3058,True
406 SYDNEY ROAD BRUNSWICK,UNIT 406 756 SYDNEY RD BRUNSWICK VIC 3056,406 SYDNEY RD COBURG VIC 3058,False
406 SYDNEY ROAD BRUNSWICK 3058,406 SYDNEY RD COBURG VIC 3058,406 SYDNEY RD COBURG VIC 3058,True
TARNEIT CENTRAL SHOPPING CENTRE 540 DERRIMUT ROAD TARNEIT VIC 3029,TARNEIT CENTRAL 540 DERRIMUT RD TARNEIT VIC 3029,TARNEIT CENTRAL 540 DERRIMUT RD TARNEIT VIC 3029,True
EASTLAND SHOPPING CENTRE 171 175 MAROONDAH HIGHWAY RINGWOOD VIC 3134,171 MAROONDAH HWY RINGWOOD VIC 3134,EASTLAND SHOP 175 MAROONDAH HWY RINGWOOD VIC 3134,False
FOREST HILL CHASE SHOPPING CENTER 270 CANTERBURY ROAD FOREST HILL VIC 3131,FOREST HILL CHASE SHOPPING CEN 270 CANTERBURY RD FOREST HILL VIC 3131,FOREST HILL CHASE SHOPPING CEN 270 CANTERBURY RD FOREST HILL VIC 3131,True
29 NAPIER ST ST ARNAUD,29 NAPIER ST ST ARNAUD VIC 3478,29 NAPIER ST ST ARNAUD VIC 3478,True
29 NAPIER ST SAINT ARNAUD,29 NAPIER ST ST ARNAUD VIC 3478,29 NAPIER ST ST ARNAUD VIC 3478,True
29 NAPIER ST SAINT ARNORT,29 NAPIER ST INVERLEIGH VIC 3321,29 NAPIER ST ST ARNAUD VIC 3478,False
29 NAPIER ST SAINT ARNORD,29 NAPIER ST INVERLEIGH VIC 3321,29 NAPIER ST ST ARNAUD VIC 3478,False
BELLARINE VILLAGE SHOPPING CENTRE 25 29 BELLARINE HIGHWAY NEWCOMB VIC 3219,25 BELLARINE HWY NEWCOMB VIC 3219,27 37 BELLARINE HWY NEWCOMB VIC 3219,False
BAYSIDE SHOPPING CENTRE 28 BEACH STREET FRANKSTON,28 BEACH ST FRANKSTON VIC 3199,28 BEACH ST FRANKSTON VIC 3199,True
THE COMO CENTRE LEVEL 1 299 TOORAK RD STH YARRA ,LEVEL 1 299 CHAPEL RD BANKSTOWN NSW 2200,299 TOORAK RD SOUTH YARRA VIC ,False
19 WALKER ST SOUTHBANK,19 WALKER ST NEWPORT VIC 3015,19 WALKER ST SOUTHBANK VIC 3006,False
9 RAINFOREST WALK CLAYTON,MONASH UNI 9 RAINFOREST WALK CLAYTON VIC 3168,MONASH UNI 9 RAINFOREST WALK CLAYTON VIC 3168,True
6 RIVERSIDE QUAY SOUTHBANK,LEVEL 6 6 RIVERSIDE QY SOUTHBANK VIC 3006,BUILDING 3 6 RIVERSIDE QY SOUTHBANK VIC 3006,False
LVL 1 299 TOORAK RD STH YARRA ,1 TOORAK RD SOUTH YARRA VIC 3141,299 TOORAK RD SOUTH YARRA VIC ,False
4 FRESHWATER PLACE SOUTHBANK,SHOP 4 3 FRESHWATER PL SOUTHBANK VIC 3006,2 10 FRESHWATER PL SOUTHBANK VIC 3006,False
4 FRESH WATER PLCE SOUTHBAKN,4 WATER ST NORTH LAMBTON NSW 2299,2 10 FRESHWATER PL SOUTHBANK VIC 3006,False
"2A Abeckett Street st inverloch, VIC 3996",2A ABECKETT ST INVERLOCH VIC 3996,2A ABECKETT ST INVERLOCH VIC 3996,True
"608 High St, PRESTON",608 HIGH ST PRESTON VIC 3072,608 HIGH ST PRESTON VIC 3072,True
"88 Rosebank Ave, Clayton South",WESTALL SECONDARY COLLEGE 88 128 ROSEBANK AV CLAYTON SOUTH VIC 3169,WESTALL SECONDARY COLLEGE 88 128 ROSEBANK AV CLAYTON SOUTH VIC 3169,True
"19 AC/DC La, Melbourne ",nan,19 ACDC LANE MELBOURNE VIC 3000,False
2/194 rooks rd vermont,194 ROOKS RD VERMONT VIC 3133,UNIT G2 194 ROOKS RD VERMONT VIC 3133,False
"155 Charlotte St, Brisbane City QLD 4000",UNIT 155 95 CHARLOTTE ST BRISBANE CITY QLD 4000,155 CHARLOTTE ST BRISBANE CITY QLD 4000,False
"155 Charlotte St, Brisbane",155 CHARLOTTE BAY ST CHARLOTTE BAY NSW 2428,155 CHARLOTTE ST BRISBANE CITY QLD 4000,False
